insert into public.medications (code, name_en, name_th, category, common_dosages_mg, description_th) values
('metformin','Metformin','เมทฟอร์มิน','ยาเบาหวาน','{500,850,1000}','ช่วยควบคุมระดับน้ำตาลในเลือดสำหรับเบาหวานชนิดที่ 2'),
('amlodipine','Amlodipine','แอมโลดิพีน','ยาความดัน','{2.5,5,10}','ยาขยายหลอดเลือดเพื่อลดความดันโลหิต'),
('aspirin','Aspirin','แอสไพริน','ยาต้านเกล็ดเลือด','{75,81,100,325}','ลดการเกาะตัวของเกล็ดเลือดตามคำสั่งแพทย์'),
('simvastatin','Simvastatin','ซิมวาสแตติน','ยาลดไขมัน','{10,20,40}','ช่วยลดคอเลสเตอรอลในเลือด'),
('warfarin','Warfarin','วาร์ฟาริน','ยาต้านการแข็งตัวของเลือด','{1,2,3,5}','ต้องติดตามค่า INR และใช้ตามคำสั่งแพทย์อย่างเคร่งครัด'),
('omeprazole','Omeprazole','โอเมพราโซล','ยาลดกรด','{20,40}','ลดการหลั่งกรดในกระเพาะอาหาร'),
('enalapril','Enalapril','อีนาลาพริล','ยาความดัน','{5,10,20}','ยาลดความดันกลุ่ม ACE inhibitor'),
('losartan','Losartan','ลอซาร์แทน','ยาความดัน','{25,50,100}','ยาลดความดันกลุ่ม ARB'),
('hydrochlorothiazide','Hydrochlorothiazide','ไฮโดรคลอโรไทอาไซด์','ยาขับปัสสาวะ','{12.5,25}','ยาขับปัสสาวะที่ช่วยลดความดัน'),
('glipizide','Glipizide','ไกลพิไซด์','ยาเบาหวาน','{5,10}','ช่วยกระตุ้นการหลั่งอินซูลิน'),
('atorvastatin','Atorvastatin','อะทอร์วาสแตติน','ยาลดไขมัน','{10,20,40,80}','ช่วยลดคอเลสเตอรอลและไตรกลีเซอไรด์'),
('diclofenac','Diclofenac','ไดโคลฟีแนค','ยาแก้ปวด NSAID','{25,50}','ยาแก้ปวดและต้านการอักเสบ'),
('ibuprofen','Ibuprofen','ไอบูโพรเฟน','ยาแก้ปวด NSAID','{200,400,600}','ยาแก้ปวด ลดไข้ และต้านการอักเสบ'),
('paracetamol','Paracetamol','พาราเซตามอล','ยาแก้ปวด/ลดไข้','{325,500}','ยาแก้ปวดและลดไข้ทั่วไป'),
('gabapentin','Gabapentin','กาบาเพนติน','ยาแก้ปวดเส้นประสาท','{100,300,600}','ใช้รักษาอาการปวดเส้นประสาทหรือโรคลมชัก'),
('clopidogrel','Clopidogrel','โคลพิโดเกรล','ยาต้านเกล็ดเลือด','{75}','ช่วยป้องกันลิ่มเลือดอุดตัน'),
('levothyroxine','Levothyroxine','เลโวไทร็อกซิน','ยาไทรอยด์','{25,50,75,100}','ฮอร์โมนทดแทนสำหรับภาวะไทรอยด์ต่ำ'),
('prednisolone','Prednisolone','เพรดนิโซโลน','ยาสเตียรอยด์','{5,10,20}','ยาต้านการอักเสบและกดภูมิคุ้มกัน'),
('digoxin','Digoxin','ดิจ็อกซิน','ยาหัวใจ','{0.0625,0.125,0.25}','ใช้ในภาวะหัวใจเต้นผิดจังหวะหรือหัวใจล้มเหลว'),
('furosemide','Furosemide','ฟูโรซีไมด์','ยาขับปัสสาวะ','{20,40,80}','ยาขับปัสสาวะเพื่อลดอาการบวม'),
('pioglitazone','Pioglitazone','ไพโอกลิตาโซน','ยาเบาหวาน','{15,30,45}','ช่วยเพิ่มความไวต่ออินซูลิน'),
('metoprolol','Metoprolol','เมโทโปรลอล','ยาความดัน','{50,100}','ควบคุมความดันและอัตราการเต้นหัวใจ'),
('atenolol','Atenolol','อะทีโนลอล','ยาความดัน','{25,50,100}','ยาลดความดันกลุ่ม beta blocker'),
('spironolactone','Spironolactone','สไปโรโนแลคโตน','ยาขับปัสสาวะ','{25,50,100}','ยาขับปัสสาวะแบบเก็บโพแทสเซียม'),
('naproxen','Naproxen','นาโพรเซน','ยาแก้ปวด NSAID','{250,500}','ยาแก้ปวดต้านการอักเสบชนิดออกฤทธิ์นาน'),
('celecoxib','Celecoxib','ซีลีค็อกซิบ','ยาแก้ปวด NSAID','{100,200}','ยาแก้ปวดข้ออักเสบกลุ่ม COX-2'),
('tramadol','Tramadol','ทรามาดอล','ยาแก้ปวดรุนแรง','{50}','ยาแก้ปวดกลุ่ม opioid ที่ต้องใช้ด้วยความระมัดระวัง'),
('ginkgo','Ginkgo Biloba','สารสกัดใบแปะก๊วย','สมุนไพร/อาหารเสริม','{40,60,120}','อาหารเสริมที่อาจมีผลต่อการแข็งตัวของเลือด'),
('ginseng','Ginseng','โสมสกัด','สมุนไพร/อาหารเสริม','{100,250,500}','อาหารเสริมสมุนไพร'),
('calcium','Calcium Carbonate','แคลเซียมคาร์บอเนต','แร่ธาตุเสริม','{600,1250}','แคลเซียมเสริมที่อาจรบกวนการดูดซึมยาบางชนิด'),
('alendronate','Alendronate','อะเลนโดรเนต','ยาโรคกระดูก','{10,70}','ยารักษาและป้องกันโรคกระดูกพรุน'),
('amiodarone','Amiodarone','อะมิโอดาโรน','ยาหัวใจ','{200}','ยารักษาภาวะหัวใจเต้นผิดจังหวะ'),
('ciprofloxacin','Ciprofloxacin','ไซโปรฟลอกซาซิน','ยาปฏิชีวนะ','{250,500}','ยาปฏิชีวนะกลุ่ม fluoroquinolone')
on conflict (code) do update set name_en=excluded.name_en, name_th=excluded.name_th, category=excluded.category, common_dosages_mg=excluded.common_dosages_mg, description_th=excluded.description_th;

insert into public.drug_interactions (drug_1, drug_2, severity, title_th, description_th, advice_th) values
('aspirin','warfarin','severe','ห้ามรับประทานยาคู่นี้ร่วมกัน','ตรวจพบว่ายาคู่นี้อยู่ในกลุ่มห้ามใช้ร่วมกัน ระบบไม่แสดงรายละเอียดผลกระทบเพื่อความปลอดภัย','อย่าปรับหรือหยุดยาที่ใช้อยู่เอง ให้ติดต่อแพทย์หรือเภสัชกรทันที'),
('ibuprofen','warfarin','severe','ห้ามรับประทานยาคู่นี้ร่วมกัน','ตรวจพบว่ายาคู่นี้อยู่ในกลุ่มห้ามใช้ร่วมกัน ระบบไม่แสดงรายละเอียดผลกระทบเพื่อความปลอดภัย','อย่าปรับหรือหยุดยาที่ใช้อยู่เอง ให้ติดต่อแพทย์หรือเภสัชกรทันที'),
('diclofenac','warfarin','severe','ห้ามรับประทานยาคู่นี้ร่วมกัน','ตรวจพบว่ายาคู่นี้อยู่ในกลุ่มห้ามใช้ร่วมกัน ระบบไม่แสดงรายละเอียดผลกระทบเพื่อความปลอดภัย','อย่าปรับหรือหยุดยาที่ใช้อยู่เอง ให้ติดต่อแพทย์หรือเภสัชกรทันที'),
('enalapril','losartan','severe','ห้ามรับประทานยาคู่นี้ร่วมกัน','ตรวจพบว่ายาคู่นี้อยู่ในกลุ่มห้ามใช้ร่วมกัน ระบบไม่แสดงรายละเอียดผลกระทบเพื่อความปลอดภัย','อย่าปรับหรือหยุดยาที่ใช้อยู่เอง ให้ติดต่อแพทย์หรือเภสัชกรทันที'),
('amlodipine','simvastatin','moderate','โปรดสอบถามแพทย์หรือเภสัชกรก่อนใช้ร่วมกัน','ตรวจพบว่ายาคู่นี้ต้องได้รับการตรวจสอบก่อนใช้ร่วมกัน ระบบไม่แสดงรายละเอียดผลกระทบเพื่อความปลอดภัย','อย่ารับประทานยาคู่นี้ร่วมกันจนกว่าจะได้รับคำแนะนำจากแพทย์หรือเภสัชกร'),
('digoxin','furosemide','moderate','โปรดสอบถามแพทย์หรือเภสัชกรก่อนใช้ร่วมกัน','ตรวจพบว่ายาคู่นี้ต้องได้รับการตรวจสอบก่อนใช้ร่วมกัน ระบบไม่แสดงรายละเอียดผลกระทบเพื่อความปลอดภัย','อย่ารับประทานยาคู่นี้ร่วมกันจนกว่าจะได้รับคำแนะนำจากแพทย์หรือเภสัชกร'),
('aspirin','ibuprofen','moderate','โปรดสอบถามแพทย์หรือเภสัชกรก่อนใช้ร่วมกัน','ตรวจพบว่ายาคู่นี้ต้องได้รับการตรวจสอบก่อนใช้ร่วมกัน ระบบไม่แสดงรายละเอียดผลกระทบเพื่อความปลอดภัย','อย่ารับประทานยาคู่นี้ร่วมกันจนกว่าจะได้รับคำแนะนำจากแพทย์หรือเภสัชกร'),
('clopidogrel','omeprazole','moderate','โปรดสอบถามแพทย์หรือเภสัชกรก่อนใช้ร่วมกัน','ตรวจพบว่ายาคู่นี้ต้องได้รับการตรวจสอบก่อนใช้ร่วมกัน ระบบไม่แสดงรายละเอียดผลกระทบเพื่อความปลอดภัย','อย่ารับประทานยาคู่นี้ร่วมกันจนกว่าจะได้รับคำแนะนำจากแพทย์หรือเภสัชกร'),
('enalapril','spironolactone','severe','ห้ามรับประทานยาคู่นี้ร่วมกัน','ตรวจพบว่ายาคู่นี้อยู่ในกลุ่มห้ามใช้ร่วมกัน ระบบไม่แสดงรายละเอียดผลกระทบเพื่อความปลอดภัย','อย่าปรับหรือหยุดยาที่ใช้อยู่เอง ให้ติดต่อแพทย์หรือเภสัชกรทันที'),
('losartan','spironolactone','severe','ห้ามรับประทานยาคู่นี้ร่วมกัน','ตรวจพบว่ายาคู่นี้อยู่ในกลุ่มห้ามใช้ร่วมกัน ระบบไม่แสดงรายละเอียดผลกระทบเพื่อความปลอดภัย','อย่าปรับหรือหยุดยาที่ใช้อยู่เอง ให้ติดต่อแพทย์หรือเภสัชกรทันที'),
('amiodarone','simvastatin','severe','ห้ามรับประทานยาคู่นี้ร่วมกัน','ตรวจพบว่ายาคู่นี้อยู่ในกลุ่มห้ามใช้ร่วมกัน ระบบไม่แสดงรายละเอียดผลกระทบเพื่อความปลอดภัย','อย่าปรับหรือหยุดยาที่ใช้อยู่เอง ให้ติดต่อแพทย์หรือเภสัชกรทันที'),
('ginkgo','warfarin','severe','ห้ามรับประทานยาคู่นี้ร่วมกัน','ตรวจพบว่ายาคู่นี้อยู่ในกลุ่มห้ามใช้ร่วมกัน ระบบไม่แสดงรายละเอียดผลกระทบเพื่อความปลอดภัย','อย่าปรับหรือหยุดยาที่ใช้อยู่เอง ให้ติดต่อแพทย์หรือเภสัชกรทันที'),
('calcium','levothyroxine','moderate','โปรดสอบถามแพทย์หรือเภสัชกรก่อนใช้ร่วมกัน','ตรวจพบว่ายาคู่นี้ต้องได้รับการตรวจสอบก่อนใช้ร่วมกัน ระบบไม่แสดงรายละเอียดผลกระทบเพื่อความปลอดภัย','อย่ารับประทานยาคู่นี้ร่วมกันจนกว่าจะได้รับคำแนะนำจากแพทย์หรือเภสัชกร'),
('alendronate','calcium','moderate','โปรดสอบถามแพทย์หรือเภสัชกรก่อนใช้ร่วมกัน','ตรวจพบว่ายาคู่นี้ต้องได้รับการตรวจสอบก่อนใช้ร่วมกัน ระบบไม่แสดงรายละเอียดผลกระทบเพื่อความปลอดภัย','อย่ารับประทานยาคู่นี้ร่วมกันจนกว่าจะได้รับคำแนะนำจากแพทย์หรือเภสัชกร'),
('calcium','ciprofloxacin','moderate','โปรดสอบถามแพทย์หรือเภสัชกรก่อนใช้ร่วมกัน','ตรวจพบว่ายาคู่นี้ต้องได้รับการตรวจสอบก่อนใช้ร่วมกัน ระบบไม่แสดงรายละเอียดผลกระทบเพื่อความปลอดภัย','อย่ารับประทานยาคู่นี้ร่วมกันจนกว่าจะได้รับคำแนะนำจากแพทย์หรือเภสัชกร'),
('gabapentin','tramadol','moderate','โปรดสอบถามแพทย์หรือเภสัชกรก่อนใช้ร่วมกัน','ตรวจพบว่ายาคู่นี้ต้องได้รับการตรวจสอบก่อนใช้ร่วมกัน ระบบไม่แสดงรายละเอียดผลกระทบเพื่อความปลอดภัย','อย่ารับประทานยาคู่นี้ร่วมกันจนกว่าจะได้รับคำแนะนำจากแพทย์หรือเภสัชกร'),
('amiodarone','digoxin','severe','ห้ามรับประทานยาคู่นี้ร่วมกัน','ตรวจพบว่ายาคู่นี้อยู่ในกลุ่มห้ามใช้ร่วมกัน ระบบไม่แสดงรายละเอียดผลกระทบเพื่อความปลอดภัย','อย่าปรับหรือหยุดยาที่ใช้อยู่เอง ให้ติดต่อแพทย์หรือเภสัชกรทันที')
on conflict (drug_1, drug_2) do update set severity=excluded.severity, title_th=excluded.title_th, description_th=excluded.description_th, advice_th=excluded.advice_th;

insert into public.food_interactions (code, food_th, keywords, medicine_codes, disease_codes, severity, description_th) values
('grapefruit','เกรปฟรุต/ส้มโอ','{เกรปฟรุต,grapefruit,น้ำส้มโอ,ส้มโอ}','{simvastatin,amlodipine}','{}','severe','อาจเพิ่มระดับยาบางชนิดในเลือด ควรสอบถามเภสัชกรตามชื่อผลิตภัณฑ์และปริมาณที่กิน'),
('licorice','ชะเอมเทศ','{ชะเอม,licorice,ชะเอมเทศ}','{digoxin}','{hypertension,heart}','severe','อาจกระทบโพแทสเซียม ความดัน และจังหวะหัวใจ'),
('sugar','อาหารหวานจัด','{น้ำผึ้ง,ชาเย็น,น้ำหวาน,ทุเรียน,ลำไย}','{}','{diabetes}','severe','อาจทำให้ควบคุมระดับน้ำตาลได้ยาก'),
('sodium','อาหารเค็มจัด/โซเดียมสูง','{เค็ม,มาม่า,น้ำปลา,ปลาร้า,ของหมักดอง}','{}','{hypertension,kidney,heart}','severe','เพิ่มภาระต่อความดัน หัวใจ และไต'),
('alcohol','แอลกอฮอล์/ยาดอง','{แอลกอฮอล์,เหล้า,เบียร์,ไวน์,ยาดอง}','{}','{liver,heart,hypertension,diabetes,stomach}','severe','อาจเพิ่มผลข้างเคียงของยาและทำให้โรคประจำตัวควบคุมยากขึ้น'),
('potassium','อาหารโพแทสเซียมสูง','{กล้วย,มะเขือเทศ,แคนตาลูป,มะละกอ}','{enalapril,losartan,spironolactone}','{kidney}','severe','ผู้ป่วยไตหรือผู้ใช้ยาบางชนิดอาจมีโพแทสเซียมสูง ต้องปรึกษาทีมรักษาเรื่องปริมาณที่เหมาะสม')
on conflict (code) do update set food_th=excluded.food_th, keywords=excluded.keywords, medicine_codes=excluded.medicine_codes, disease_codes=excluded.disease_codes, severity=excluded.severity, description_th=excluded.description_th;
